链接,播放量
https://www.youtube.com/shorts/IT9Qu32MUnQ,171741571
https://www.youtube.com/shorts/GfWo8kHdWKk,86286264
https://www.youtube.com/shorts/1MBftPiwgyA,54399504
https://www.youtube.com/shorts/GLHn7q5Oat0,33016872
https://www.youtube.com/shorts/zPO-DGLeAgg,39198410
https://www.youtube.com/shorts/GBPVsLEwX5I,30653368
https://www.youtube.com/shorts/Enjy5yfaXtA,29711668
https://www.youtube.com/shorts/edcdfM2YrzA,29646114
https://www.youtube.com/shorts/bINC2W--rUE,28836501
https://www.youtube.com/shorts/ayVOijHgG9E,25613282
https://www.youtube.com/shorts/px4YZxXKstg,22537278
https://www.youtube.com/shorts/LoQRs8W-BX4,23430559
https://www.youtube.com/shorts/vJFebbsi8WU,23279162
https://www.youtube.com/shorts/ZYDU8JszKQM,20210439
https://www.youtube.com/shorts/AkseDCe-kAo,23591313
https://www.youtube.com/shorts/t7SJTBe6_60,22958379
https://www.youtube.com/shorts/51ekJ6dSyxA,16939783
https://www.youtube.com/shorts/4wuxwcORWgQ,17601406
https://www.youtube.com/shorts/QeeMJxhydco,19878099
https://www.youtube.com/shorts/5qtsLt151tA,16707039
https://www.youtube.com/shorts/BhOIQFxfxEE,18144539
https://www.youtube.com/shorts/XwkbZrV9fOI,17289341
https://www.youtube.com/shorts/ymCdFzqeEXE,21412499
https://www.youtube.com/shorts/NyGtCqihIAA,17671142
https://www.youtube.com/shorts/6T4HTgVz9gI,12500467
https://www.youtube.com/shorts/imTEEPJkvHM,13050923
https://www.youtube.com/shorts/4U7qRkR_9I0,20335973
https://www.youtube.com/shorts/NeitaY2Qtl0,13273582
https://www.youtube.com/shorts/ryKghomDoC4,11886958
https://www.youtube.com/shorts/K6OYDkfUp_8,12633304
https://www.youtube.com/shorts/jN6KIo5pVX4,13124584
https://www.youtube.com/shorts/TBEHtG4bd8I,11986135
https://www.youtube.com/shorts/x4e_Lz9N08I,11660176
https://www.youtube.com/shorts/BZqN7xiEjw4,13107381
https://www.youtube.com/shorts/radd-pMnfB4,11913524
https://www.youtube.com/shorts/ngxtJIrIW8w,9996340
https://www.youtube.com/shorts/WqT2ePETW9c,9161817
https://www.youtube.com/shorts/aKxKa4_pW4c,9039477
https://www.youtube.com/shorts/finvvp4aNJk,9825121
https://www.youtube.com/shorts/7kz-cdlLxTA,12115265
https://www.youtube.com/shorts/B8uo-20iEUA,9810010
https://www.youtube.com/shorts/UWfYU53gu64,10511988
https://www.youtube.com/shorts/bX1ECtfDeD0,7483924
https://www.youtube.com/shorts/WZCd8zpK0nw,9104170
https://www.youtube.com/shorts/PpIuOR4IMGM,9053339
https://www.youtube.com/shorts/K0V3gmLc7O8,8215421
https://www.youtube.com/shorts/dQ2TKf1W940,9030762
https://www.youtube.com/shorts/ugo8CLdveNc,8376729
https://www.youtube.com/shorts/d-H6WlHZ7W4,7059689
https://www.youtube.com/shorts/JPgXtORyyOU,7923028
https://www.youtube.com/shorts/J3R2A09Pe0I,7631010
https://www.youtube.com/shorts/i8S8bda1H_8,8504982
https://www.youtube.com/shorts/HuXx5qYdGCc,7672215
https://www.youtube.com/shorts/P0tQReuckJA,8322408
https://www.youtube.com/shorts/GQLuY6o8Ws8,7552133
https://www.youtube.com/shorts/Bt6pxVcOBNw,7104028
https://www.youtube.com/shorts/8O1oj2kPU5c,8079670
https://www.youtube.com/shorts/w_k3f_Us7BE,6659884
https://www.youtube.com/shorts/ZM_mJA2v9lg,7782344
https://www.youtube.com/shorts/chsvJrOEXnA,5314233
https://www.youtube.com/shorts/ybD_2PJxv_k,8520582
https://www.youtube.com/shorts/xJXvvD-OwRA,7335003
https://www.youtube.com/shorts/ot7qaIKzdMU,6857092
https://www.youtube.com/shorts/ROyG_4ZkkDM,5036322
https://www.youtube.com/shorts/ywiNyd_THDw,6072847
https://www.youtube.com/shorts/offac2nttak,5801936
https://www.youtube.com/shorts/rc0ykJI0rxA,6728537
https://www.youtube.com/shorts/9OrhRw9tFyU,5419532
https://www.youtube.com/shorts/G2ORYXAiOtY,5284589
https://www.youtube.com/shorts/t4X68or53r0,5435158
https://www.youtube.com/shorts/8OaMB3QbzJs,5897208
https://www.youtube.com/shorts/I0p1rqe7biw,6132432
https://www.youtube.com/shorts/T_hQsNCCLLg,7463164
https://www.youtube.com/shorts/tvKC7I3vrXQ,6685361
https://www.youtube.com/shorts/2ZBvjmBW-Xk,5248568
https://www.youtube.com/shorts/wqYi8IKjz1A,6301011
https://www.youtube.com/shorts/f9vNQs2IikE,5816250
https://www.youtube.com/shorts/nQ7VY7INDLw,4843113
https://www.youtube.com/shorts/2k0kZkVgTO4,5475557
https://www.youtube.com/shorts/Fb9A70Y0ooI,5259438
https://www.youtube.com/shorts/ZdM7Fkc6qQ4,7260154
https://www.youtube.com/shorts/8IWGLIFDgEw,5430761
https://www.youtube.com/shorts/bzpjNGA9fz8,5411447
https://www.youtube.com/shorts/MfbBlzbbEMA,5184461
https://www.youtube.com/shorts/P49yZ7eCzY4,6492861
https://www.youtube.com/shorts/8zfRjDvgS7I,5983873
https://www.youtube.com/shorts/OvvjEMWUp7g,6715485
https://www.youtube.com/shorts/lwb_yWJpnZ8,5442657
https://www.youtube.com/shorts/V2bOQ21JMYg,4935548
https://www.youtube.com/shorts/T7JkDm551NY,6191657
https://www.youtube.com/shorts/QJ7Qaehozck,4311662
https://www.youtube.com/shorts/M1SqKYayDfw,4724707
https://www.youtube.com/shorts/QvH-ITL_FF4,4841763
https://www.youtube.com/shorts/WiuGUfzX6NI,5170484
https://www.youtube.com/shorts/Kv_RIjKdP0I,5455349
https://www.youtube.com/shorts/wsQdLPlmObo,4607933
https://www.youtube.com/shorts/d9MNRRESQDY,4965011
https://www.youtube.com/shorts/ZPNGA3-kG_U,3817351
https://www.youtube.com/shorts/xYRtfVT8Xpk,3848929
https://www.youtube.com/shorts/gKoBdbx3U-U,4375394
https://www.youtube.com/shorts/83wnyYn226g,4333620
https://www.youtube.com/shorts/JPs90Zz5dSg,5918214
https://www.youtube.com/shorts/xkiC_R96WIQ,5211798
https://www.youtube.com/shorts/fCF3_YRZIA4,4942269
https://www.youtube.com/shorts/28LQy2Npa28,0
https://www.youtube.com/shorts/ZRHHilKax8w,4581157
https://www.youtube.com/shorts/eR-TrdVE4pc,4382127
https://www.youtube.com/shorts/MyqIQS9nVNc,4224486
https://www.youtube.com/shorts/NHB7J1w-_Qk,4384421
https://www.youtube.com/shorts/PUeDuq9lax0,4197171
https://www.youtube.com/shorts/V5x2VM16KG0,4572695
https://www.youtube.com/shorts/D3XgcgtOfXg,3930301
https://www.youtube.com/shorts/_aRFo5moWlU,3641232
https://www.youtube.com/shorts/MulqsKr_dhE,3598625
https://www.youtube.com/shorts/agjGiSLk7Go,3793918
https://www.youtube.com/shorts/gIzx45jpffc,4110956
https://www.youtube.com/shorts/hWSnzdZr8Ho,3837002
https://www.youtube.com/shorts/GgXkywK8Y78,5691338
https://www.youtube.com/shorts/mHFeeWQwUjk,5218270
https://www.youtube.com/shorts/Lu1s15HK6BE,3259683
https://www.youtube.com/shorts/kaMpzAISw-s,4005474
https://www.youtube.com/shorts/Q-gar2g8QQw,3686042
https://www.youtube.com/shorts/bjRzV-MU1-Q,4140693
https://www.youtube.com/shorts/sgLbYIX6s7k,3344450
https://www.youtube.com/shorts/NKR363oAbPA,3377740
https://www.youtube.com/shorts/NYX5Jobksqg,3868407
https://www.youtube.com/shorts/h3J1F9zWwZ8,4696188
https://www.youtube.com/shorts/za4eW4J-mHo,3671411
https://www.youtube.com/shorts/_OcdLcQ52l0,4567130
https://www.youtube.com/shorts/h1-P474V3x8,3655143
https://www.youtube.com/shorts/oZTDNTiFAUw,2739208
https://www.youtube.com/shorts/M3Ft1QHD2do,3329875
https://www.youtube.com/shorts/N7OYmEbxtR4,3451809
https://www.youtube.com/shorts/6XZLTcayHuY,3579006
https://www.youtube.com/shorts/FbqdABA1T2A,3467314
https://www.youtube.com/shorts/_kZUyqkKJ5s,3238510
https://www.youtube.com/shorts/TSfJyT-Ct34,6460047
https://www.youtube.com/shorts/Xa89-ie6Q0w,3035687
https://www.youtube.com/shorts/xddUokGjMXk,3161840
https://www.youtube.com/shorts/B_9E9OvtMbY,2921978
https://www.youtube.com/shorts/FveyUndDJUs,3821637
https://www.youtube.com/shorts/WFEdH_wW3KM,3728162
https://www.youtube.com/shorts/y0sI4qcWyIE,3040928
https://www.youtube.com/shorts/MjIHrtx38is,3293255
https://www.youtube.com/shorts/O4DqJu4sQbY,3272444
https://www.youtube.com/shorts/jRxttgtHVPg,3673607
https://www.youtube.com/shorts/qxgIFokXzyU,0
https://www.youtube.com/shorts/us7gekeO_xU,2995214
https://www.youtube.com/shorts/95XN6qRp_K4,2770028
https://www.youtube.com/shorts/L4RZfdt1Nyo,2898937
https://www.youtube.com/shorts/M6e0eqtzEkg,3246903
https://www.youtube.com/shorts/SXnRSLq_gIU,2740863
https://www.youtube.com/shorts/PcfTL05w7V8,3321096
https://www.youtube.com/shorts/IrS9THlbimU,2593931
https://www.youtube.com/shorts/JMioACQg9Ao,2619491
https://www.youtube.com/shorts/64gZ8sTtOHI,2437057
https://www.youtube.com/shorts/2gjfahvtE0k,2497174
https://www.youtube.com/shorts/RieXmi3EAdw,2853167
https://www.youtube.com/shorts/xwnn9y6jvVA,2896846
https://www.youtube.com/shorts/ee4Af-ChWpw,2541565
https://www.youtube.com/shorts/NQZaHrdAjU0,2313883
https://www.youtube.com/shorts/Mtatr23wRbc,2348320
https://www.youtube.com/shorts/T7PXePg7qk0,3700527
https://www.youtube.com/shorts/rVqmYaqTgEo,15467822
https://www.youtube.com/shorts/pShazWO3nQE,9812032
https://www.youtube.com/shorts/P4IHgjICR28,0
https://www.youtube.com/shorts/2TRpFB9Ahto,0
https://www.youtube.com/shorts/E3pvSN0EbBw,0
https://www.youtube.com/shorts/3uoThTmD_Vs,0
https://www.youtube.com/shorts/w4ceNAPiE_Y,0
https://www.youtube.com/shorts/vl720YvWpho,0
https://www.youtube.com/shorts/GYeT_BetbtM,0
https://www.youtube.com/shorts/qYuiw5S6no0,0
https://www.youtube.com/shorts/IPbWHxWijY8,0
https://www.youtube.com/shorts/Gv7HR8UTOhw,0
https://www.youtube.com/shorts/X1j9pzYpwiQ,0
https://www.youtube.com/shorts/MNWtmNGAi7k,0
https://www.youtube.com/shorts/nJwXm6kDK7U,0
https://www.youtube.com/shorts/BbKBnwfAGYE,0
https://www.youtube.com/shorts/BXbancToLFg,0
https://www.youtube.com/shorts/Q8jU-Vv6oL4,0
https://www.youtube.com/shorts/oUmfzgw2odU,0
https://www.youtube.com/shorts/Fp0ZA0TSWhw,0
https://www.youtube.com/shorts/TO797Hs0q54,0
https://www.youtube.com/shorts/9SVwgIF3Jdg,0
https://www.youtube.com/shorts/nIZNevVP2Vo,0
https://www.youtube.com/shorts/ghHUHtpcDTA,0
https://www.youtube.com/shorts/bga9cFqoMaw,0
https://www.youtube.com/shorts/xyAd6AV639Q,0
https://www.youtube.com/shorts/2C7j2bU-sw4,0
https://www.youtube.com/shorts/_MOEkKdA9ts,0
https://www.youtube.com/shorts/C6OkP8wbi18,0
https://www.youtube.com/shorts/u3CXLPbPlaM,0
https://www.youtube.com/shorts/O3obK4z_o9Y,0
https://www.youtube.com/shorts/oSPaSJjWS94,0
https://www.youtube.com/shorts/ekkNtvxxWqI,40891471
https://www.youtube.com/shorts/xm6ylHEchnQ,22246637
https://www.youtube.com/shorts/LtXqLLr-gHw,131454410
https://www.youtube.com/shorts/1G0WKAuplr8,123718919
https://www.youtube.com/shorts/vyPBiNQT_0o,48170232
https://www.youtube.com/shorts/GKukG3_DL58,39330558
https://www.youtube.com/shorts/oFWQhXdGn2o,83341264
https://www.youtube.com/shorts/lsTPUs9CrjY,6061209
https://www.youtube.com/shorts/EUvHhKRFKVM,0
